<?xml version="1.0" encoding="UTF-8" ?>
<configuration debug="true">

    <appender name="STDOUT" class="ch.qos.logback.core.ConsoleAppender">
        <encoder>
           <pattern>
                %d{HH:mm:ss.SSS} [%thread] %-5level %logger{36} %msg %n
            </pattern>
         </encoder>
    </appender>

    <appender name="FILE" class="ch.qos.logback.core.FileAppender">
        <file>testFile.log</file>
        <append>true</append>
                                    <!-- set immediateFlush to false for much higher logging throughput -->
        <immediateFlush>true</immediateFlush>
              <!-- encoders are assigned the type
             ch.qos.logback.classic.encoder.PatternLayoutEncoder by default -->
        <encoder>
            <pattern>%-4relative [%thread] %-5level %logger{35} - %msg%n</pattern>
        </encoder>
    </appender>

    <logger name="" level="debug"/>
    <root level="INFO">
        <appender-ref ref="FILE"/>
    </root>

</configuration>